"","egn","ratio"
"1",0.477397929348563,28.8
"2",0.432566466826532,26.1
"3",0.379506044185435,22.9
"4",0.366511013635801,22.1
"5",3.63114783003967e-30,0
