"word","value"
"人",4.0030489503
"旅行",0.7816764444
"こと",0.7798853561
"英語",0.6834383774
"神戸",0.6439398502
"マッチング",0.6125174425
"登録",0.5866982463
"外国",0.5382176907
"方",0.4896631754
"空港",0.4896631754
