"word","value"
"人",2.6171838396
"旅行",0.7816764444
"こと",0.7798853561
"情報",0.7779137888
"英語",0.6834383774
"カフェ",0.6306299812
"マッチング",0.6125174425
"登録",0.5866982463
"外国",0.5382176907
"方",0.4896631754
