"word","value"
"人",2.1296545876
"こと",0.5820620708
"情報",0.5248477974
"英語",0.5093043119
"神戸",0.4794427233
"旅行",0.4760209368
"マッチング",0.4365465531
"登録",0.4365465531
"カフェ",0.4068176041
"外国",0.4001676737
