"person","V1","V2","V3","V4","V5"
"X0","-0.875035778004957","-0.54414754193863","0.07189786686781","-0.0238883299730465","0.999999999999997"
"X1","0.522810342793509","0.963625410860979","-0.907822165884285","-1.97178417246005","1"
"X2","0.287027993189375","1.55688328936841","1.57356712180897","0.619639008807763","1"
"X3","2.02164742110885","-1.38746045460069","0.27447376496813","0.238754661591817","1"
"X4","0.262013955579578","0.984144812931136","-2.53261861080184","2.22361956724071","1"
