"word","value"
"人",0.6480560677
"イベント",0.5586690239
"それ",0.4469352191
"情報",0.4022416972
"駅",0.3798949362
"これ",0.3798949362
"電車",0.3575481753
"窓",0.3128546534
"何",0.2011208486
"今",0.1564273267
