"word","value"
"人",2.3476569916
"こと",0.5820620708
"旅行",0.5264160129
"情報",0.5248477974
"英語",0.5093043119
"マッチング",0.4365465531
"登録",0.4365465531
"カフェ",0.4068176041
"外国",0.4001676737
"方",0.3637887942
