"word","value"
"人",2.6123592462
"こと",0.5820620708
"旅行",0.5264160129
"英語",0.5093043119
"神戸",0.4794427233
"マッチング",0.4365465531
"登録",0.4365465531
"外国",0.4001676737
"カフェ",0.3874727168
"公認",0.3748726818
